timestamp_ms,utc,open,high,low,close,volume_btc,volume_quote,confirmed
1704067200000,2024-01-01T00:00:00+00:00,42284,44200,42182,44186.8,9208.74124035,396418734.775661944,1
1704153600000,2024-01-02T00:00:00+00:00,44186.9,45884.6,44153.3,44955.9,22725.63187567,1026548898.097525554,1
1704240000000,2024-01-03T00:00:00+00:00,44955.9,45515.8,40157.3,42839.6,42418.67607267,1813465927.926576825,1
1704326400000,2024-01-04T00:00:00+00:00,42839.5,44888,42614.7,44153.9,20648.61582672,901904524.407669754,1
1704412800000,2024-01-05T00:00:00+00:00,44151.3,44393,42250.1,44145.4,22996.95760799,1003751156.197758973,1
1704499200000,2024-01-06T00:00:00+00:00,44146.4,44208.2,43392.2,43970.3,6511.72435718,285068878.776131749,1
1704585600000,2024-01-07T00:00:00+00:00,43968.2,44481.2,43580.2,43929.9,9547.26250619,420651997.835056563,1
1704672000000,2024-01-08T00:00:00+00:00,43930,47300,43180.1,46952,30217.1474691,1365189518.217281265,1
1704758400000,2024-01-09T00:00:00+00:00,46952,48023.7,44641,46109.3,33459.60555624,1553630522.540606029,1
1704844800000,2024-01-10T00:00:00+00:00,46109.4,47695,44289.5,46645.9,44850.0632577,2052968305.519846561,1
1704931200000,2024-01-11T00:00:00+00:00,46645.9,48988,45569.7,46338.9,34682.58580678,1626847163.831700585,1
1705017600000,2024-01-12T00:00:00+00:00,46338.9,46519.9,41360.9,42784,33022.16065529,1465907391.175501839,1
1705104000000,2024-01-13T00:00:00+00:00,42784.1,43250,42437.7,42848.8,12005.1031022,514433613.764155707,1
1705190400000,2024-01-14T00:00:00+00:00,42848.7,43079.3,41721,41731.1,9540.99415434,406053731.402571315,1
1705276800000,2024-01-15T00:00:00+00:00,41733.2,43388,41715.2,42525.6,13418.98262117,571626745.064329323,1
1705363200000,2024-01-16T00:00:00+00:00,42514.5,43585,42045.4,43139.8,13176.25831477,565571080.91934431,1
1705449600000,2024-01-17T00:00:00+00:00,43139.7,43200,42205.1,42777.1,9060.15866766,386689787.570079062,1
1705536000000,2024-01-18T00:00:00+00:00,42777.1,42925.5,40678.3,41326,14465.61906715,604287311.585545083,1
1705622400000,2024-01-19T00:00:00+00:00,41325.9,42187.2,40258.2,41660,15676.69827158,646169115.992992382,1
1705708800000,2024-01-20T00:00:00+00:00,41660.1,41875,41452,41693.8,3721.97261345,154898009.204390529,1
1705795200000,2024-01-21T00:00:00+00:00,41693.8,41883.2,41501,41582.9,2934.29571937,122382097.767100648,1
1705881600000,2024-01-22T00:00:00+00:00,41582.4,41689.8,39400,39571,22249.16542158,901341279.590501263,1
1705968000000,2024-01-23T00:00:00+00:00,39571.1,40194.3,38554,39900.2,16630.80730532,654046362.590909876,1
1706054400000,2024-01-24T00:00:00+00:00,39899.4,40588,39497.3,40085.1,13420.74065064,536450393.62905993,1
1706140800000,2024-01-25T00:00:00+00:00,40085.2,40306,39538.9,39962.6,9277.90415915,370480654.740847803,1
1706227200000,2024-01-26T00:00:00+00:00,39962.7,42249.9,39825.2,41819.9,19074.80564488,784576487.539172265,1
1706313600000,2024-01-27T00:00:00+00:00,41820.5,42199.9,41380.4,42120.2,5510.23199482,230243974.033877652,1
1706400000000,2024-01-28T00:00:00+00:00,42120.1,42838.2,41617.2,42033.2,7021.70689085,297022962.251263802,1
1706486400000,2024-01-29T00:00:00+00:00,42036.7,43300,41799.5,43296.9,12314.05669022,525159610.882543154,1
1706572800000,2024-01-30T00:00:00+00:00,43297,43884.4,42690.1,42941.8,15829.49322093,687305131.450482593,1
1706659200000,2024-01-31T00:00:00+00:00,42941.8,43748.8,42288.8,42576,14559.01681107,625358388.439120732,1
1706745600000,2024-02-01T00:00:00+00:00,42576,43286.2,41868.2,43086.8,11603.77570855,492451129.831666747,1
1706832000000,2024-02-02T00:00:00+00:00,43086.8,43485.2,42546.8,43197.2,8838.60533425,380622345.794265623,1
1706918400000,2024-02-03T00:00:00+00:00,43197.3,43380,42877.2,43013.6,2640.03009624,113797619.955423606,1
1707004800000,2024-02-04T00:00:00+00:00,43013.6,43116.8,42188,42590,4681.84769341,200443233.28663527,1
1707091200000,2024-02-05T00:00:00+00:00,42588,43571.8,42256.5,42707.1,9009.46675509,385678326.949486277,1
1707177600000,2024-02-06T00:00:00+00:00,42707.1,43388,42570.8,43095.5,5927.96868563,254800431.284369972,1
1707264000000,2024-02-07T00:00:00+00:00,43100,44422.1,42787.8,44349.7,9329.48908034,405572915.395953046,1
1707350400000,2024-02-08T00:00:00+00:00,44345.8,45611,44330,45287.5,11961.42355731,537668933.314125275,1
1707436800000,2024-02-09T00:00:00+00:00,45287.5,48219.9,45245,47132.2,20392.82747865,958504616.047583482,1
1707523200000,2024-02-10T00:00:00+00:00,47132.2,48175.5,46841.6,47747.7,5114.99543138,242418981.878278008,1
1707609600000,2024-02-11T00:00:00+00:00,47747.8,48594.4,47566,48299.9,6178.23428192,297695551.912449596,1
1707696000000,2024-02-12T00:00:00+00:00,48299.9,50333.3,47705.7,49920,15657.07530443,770027726.000467581,1
1707782400000,2024-02-13T00:00:00+00:00,49919.9,50385.1,48300,49694.6,14906.36152162,735153035.083774689,1
1707868800000,2024-02-14T00:00:00+00:00,49700.4,52045.7,49228.3,51795.6,15880.82867375,812070222.703106898,1
1707955200000,2024-02-15T00:00:00+00:00,51797.6,52813,51309.5,51880.4,15586.73173065,811906496.86816834,1
1708041600000,2024-02-16T00:00:00+00:00,51880.4,52574.2,51562.5,52126.7,11542.17818038,600402804.71852141,1
1708128000000,2024-02-17T00:00:00+00:00,52126.7,52165.9,50618.6,51646,7834.56161713,402999196.448369752,1
1708214400000,2024-02-18T00:00:00+00:00,51646,52399.5,51154,52138.3,5329.60450143,276082048.484725241,1
1708300800000,2024-02-19T00:00:00+00:00,52138.5,52489.2,51680.1,51775.6,6796.07453927,354234522.749149889,1
1708387200000,2024-02-20T00:00:00+00:00,51775.5,53006,50752.3,52265.4,16704.3469341,866723839.647037122,1
1708473600000,2024-02-21T00:00:00+00:00,52265.5,52371.4,50533.8,51848,12009.96359497,616016280.81464957,1
1708560000000,2024-02-22T00:00:00+00:00,51848.1,52080,50936,51290,10195.3568812,525836990.681945356,1
1708646400000,2024-02-23T00:00:00+00:00,51290.1,51547.3,50513.1,50748.2,10224.10429309,521782470.891222427,1
1708732800000,2024-02-24T00:00:00+00:00,50749.9,51700,50574,51563.6,5026.95029792,257240304.018540374,1
1708819200000,2024-02-25T00:00:00+00:00,51567.4,51984.8,51266.4,51731.4,5316.71577556,274605016.990168566,1
1708905600000,2024-02-26T00:00:00+00:00,51731.4,54923,50902.2,54471,15063.98807421,796789242.87393419,1
1708992000000,2024-02-27T00:00:00+00:00,54473.9,57614.3,54451,57038.6,20067.0674525,1133638438.105049874,1
1709078400000,2024-02-28T00:00:00+00:00,57042.9,64085.2,56700,62426.1,35345.53347007,2131322758.078070856,1
1709164800000,2024-02-29T00:00:00+00:00,62427,63661,60372,61149.9,20134.81520703,1250456743.353036173,1
1709251200000,2024-03-01T00:00:00+00:00,61150,63114.4,60773.3,62376.9,13571.00330109,839977275.284612686,1
1709337600000,2024-03-02T00:00:00+00:00,62376.9,62441,61559.7,62010,6556.23002006,406348416.642686624,1
1709424000000,2024-03-03T00:00:00+00:00,62008,63248.5,61307,63112.7,8059.8814096,501383707.430147517,1
1709510400000,2024-03-04T00:00:00+00:00,63112.6,68500,62273.2,68244.4,25528.86056163,1672040598.639951696,1
1709596800000,2024-03-05T00:00:00+00:00,68244.4,69080,59000,63719.5,41092.27985353,2680981007.126189918,1
1709683200000,2024-03-06T00:00:00+00:00,63719.5,67647.4,62775.8,66078,24575.32657413,1618078106.677375612,1
1709769600000,2024-03-07T00:00:00+00:00,66078,67996,65544,66829,11820.98486902,790162598.298412943,1
1709856000000,2024-03-08T00:00:00+00:00,66829,70040,66063.3,68125,22875.25967186,1553900963.198492206,1
1709942400000,2024-03-09T00:00:00+00:00,68124.9,68553.7,67858.9,68311.6,4613.51217198,314703287.27671732,1
1710028800000,2024-03-10T00:00:00+00:00,68311.6,69910.7,68050,68953.6,10428.60766495,721986774.802905647,1
1710115200000,2024-03-11T00:00:00+00:00,68953.7,72800,66944.1,72084.4,21607.69295364,1532765117.889583168,1
1710201600000,2024-03-12T00:00:00+00:00,72084.4,73095.2,68600,71450.1,20555.95351626,1465158732.245550108,1
1710288000000,2024-03-13T00:00:00+00:00,71450,73625.6,71321.8,73082.7,12637.16288533,918111869.682052183,1
1710374400000,2024-03-14T00:00:00+00:00,73082.7,73787.1,68600,71399.3,19889.66811997,1420315776.688585605,1
1710460800000,2024-03-15T00:00:00+00:00,71399.4,72432,65588,69500,29758.60274082,2032983321.809344528,1
1710547200000,2024-03-16T00:00:00+00:00,69500,70050,64742.5,65308.1,14370.97556553,971552684.703014474,1
1710633600000,2024-03-17T00:00:00+00:00,65308.2,68910.5,64541.7,68399.1,15158.32487217,1010869739.080270272,1
1710720000000,2024-03-18T00:00:00+00:00,68399.1,68974,66560,67611.9,14313.27474159,968546909.133973041,1
1710806400000,2024-03-19T00:00:00+00:00,67611.9,68121.6,61558.8,61936.4,32495.38180492,2086804656.078666841,1
1710892800000,2024-03-20T00:00:00+00:00,61936.4,68096,60767.5,67825.1,26796.91851065,1705352406.096167068,1
1710979200000,2024-03-21T00:00:00+00:00,67834,68247.2,64520,65507.9,17408.59709671,1158649155.329298636,1
1711065600000,2024-03-22T00:00:00+00:00,65504,66641.9,62200,63801.5,15493.95908439,995686051.323248927,1
1711152000000,2024-03-23T00:00:00+00:00,63801.5,66000,63008,63987.1,7268.93692887,469524220.39414599,1
1711238400000,2024-03-24T00:00:00+00:00,63987.2,67631,63765.9,67211.9,9375.2257097,612586175.460761616,1
1711324800000,2024-03-25T00:00:00+00:00,67211.9,71142,66374.5,69869.8,16888.60361696,1160229912.092384901,1
1711411200000,2024-03-26T00:00:00+00:00,69869.8,71547.3,69283.8,69995.6,12805.92737364,900694164.239712239,1
1711497600000,2024-03-27T00:00:00+00:00,69995.7,71777,68400,69466.4,16558.16112924,1155421394.772629146,1
1711584000000,2024-03-28T00:00:00+00:00,69468.1,71541.1,68908,70785.1,11236.67481581,792399442.879027227,1
1711670400000,2024-03-29T00:00:00+00:00,70785.2,70928.8,69001.1,69857.7,9228.00297939,645729603.109168905,1
1711756800000,2024-03-30T00:00:00+00:00,69857.7,70322.6,69542.7,69591.1,3500.23244869,244908210.401332409,1
1711843200000,2024-03-31T00:00:00+00:00,69598,71400.1,69566.7,71290.5,5251.29340281,370247281.977663741,1
1711929600000,2024-04-01T00:00:00+00:00,71286,71304.6,68050.3,69652.8,13931.43587275,967079121.08476604,1
1712016000000,2024-04-02T00:00:00+00:00,69652.9,69680.5,64566.4,65474.6,20739.14129929,1372745791.52392466,1
1712102400000,2024-04-03T00:00:00+00:00,65468.8,66908.3,64403.1,65966.7,11178.20792715,737830933.026305424,1
1712188800000,2024-04-04T00:00:00+00:00,65964.3,69319.4,65060.3,68500,14268.20551292,960554403.893364881,1
1712275200000,2024-04-05T00:00:00+00:00,68494.2,68747.9,65958.8,67833.5,12478.98068579,841049116.764538614,1
1712361600000,2024-04-06T00:00:00+00:00,67833.5,69696,67460.7,68896.7,4465.64935442,304914418.614871221,1
1712448000000,2024-04-07T00:00:00+00:00,68896.8,70329.3,68817.7,69358,6101.1330588,423985957.554310018,1
1712534400000,2024-04-08T00:00:00+00:00,69354.5,72799,69045.7,71633.8,14895.7740168,1063989612.757459356,1
1712620800000,2024-04-09T00:00:00+00:00,71637,71757.8,68154.9,69141.9,13076.05373361,914031626.823691892,1
1712707200000,2024-04-10T00:00:00+00:00,69142,71190.5,67506.8,70635.9,13247.78686756,915157745.830792027,1
1712793600000,2024-04-11T00:00:00+00:00,70637.1,71315.9,69544.8,70012,9709.47210265,683658882.327420328,1
1712880000000,2024-04-12T00:00:00+00:00,70012.1,71230,64845.4,67120.7,20640.01931757,1410268991.168524691,1
1712966400000,2024-04-13T00:00:00+00:00,67120.7,67940,60000,63928.3,28670.47485366,1846098951.29146738,1
1713052800000,2024-04-14T00:00:00+00:00,63928.3,65856.8,62113.1,65670,22110.01134602,1416138323.04053968,1
1713139200000,2024-04-15T00:00:00+00:00,65666,66867.2,62282.5,63429.7,17291.87656457,1120760139.312897849,1
1713225600000,2024-04-16T00:00:00+00:00,63429.7,64376.9,61568.1,63796,17183.65592234,1078942556.53072596,1
1713312000000,2024-04-17T00:00:00+00:00,63796.1,64523.1,59632.6,61274.5,21148.33575828,1309145039.370969469,1
1713398400000,2024-04-18T00:00:00+00:00,61274.5,64133.8,60804.6,63480,15072.89450555,941687782.725272579,1
1713484800000,2024-04-19T00:00:00+00:00,63480.1,65440,59587.2,63814.1,25202.9595443,1593447830.303931101,1
1713571200000,2024-04-20T00:00:00+00:00,63816,65422.9,63091.2,64938.1,6511.75936151,418053655.105354434,1
1713657600000,2024-04-21T00:00:00+00:00,64938.1,65704.5,64211.1,64937.9,6842.64748929,444404439.255172579,1
1713744000000,2024-04-22T00:00:00+00:00,64938,67248,64508.2,66812.9,10867.96136115,717594603.284252515,1
1713830400000,2024-04-23T00:00:00+00:00,66813,67183,65808.5,66413.9,6656.10978476,442389008.48096664,1
1713916800000,2024-04-24T00:00:00+00:00,66413.9,67078.2,63602.8,64282.6,9961.43429158,650816204.690852413,1
1714003200000,2024-04-25T00:00:00+00:00,64278.6,65289.8,62747.4,64505.7,16225.90838246,1037196176.221241205,1
1714089600000,2024-04-26T00:00:00+00:00,64500.2,64814.8,63313.9,63774.1,8404.50691333,538922042.157136208,1
1714176000000,2024-04-27T00:00:00+00:00,63774.2,63925,62380.6,63460,6284.79056322,396316232.366635415,1
1714262400000,2024-04-28T00:00:00+00:00,63460.1,64380,62775.2,63122,4982.07074361,316942252.934853967,1
1714348800000,2024-04-29T00:00:00+00:00,63127.9,64225.9,61787.8,63869.9,11149.42747078,699150535.73898731,1
1714435200000,2024-04-30T00:00:00+00:00,63870,64732,59177.6,60675.1,15444.11152123,948600125.90176329,1
1714521600000,2024-05-01T00:00:00+00:00,60675.1,60846.7,56555,58341.8,26517.29432556,1535527601.219664466,1
1714608000000,2024-05-02T00:00:00+00:00,58341.9,59661.6,56953.1,59062.2,12543.62019759,732849545.881459662,1
1714694400000,2024-05-03T00:00:00+00:00,59062.2,63349.9,58800,62875.9,14714.37919201,898204510.99459367,1
1714780800000,2024-05-04T00:00:00+00:00,62876,64545.3,62548.5,63894.1,7450.48367954,473219908.346675699,1
1714867200000,2024-05-05T00:00:00+00:00,63894.2,64652.4,62884.7,64017.7,6267.5743664,399938919.685905923,1
1714953600000,2024-05-06T00:00:00+00:00,64017.7,65518,62697.2,63175.6,12646.15735754,808819199.255504683,1
1715040000000,2024-05-07T00:00:00+00:00,63173.5,64411.8,62226.3,62318.2,9884.62115734,627553777.797725923,1
1715126400000,2024-05-08T00:00:00+00:00,62318.1,63029.4,60880,61193.9,7789.48080976,484465401.322186027,1
1715212800000,2024-05-09T00:00:00+00:00,61187.5,63427.7,60625,63069,7515.00010569,464754111.66795557,1
1715299200000,2024-05-10T00:00:00+00:00,63069,63470.5,60180,60800.2,11115.89692559,687471172.542636863,1
1715385600000,2024-05-11T00:00:00+00:00,60802,61525,60468.1,60826,2856.97259831,174141171.235842567,1
1715472000000,2024-05-12T00:00:00+00:00,60826.6,61874.9,60604,61470.1,3286.61858388,201150579.88958811,1
1715558400000,2024-05-13T00:00:00+00:00,61477.2,63459.3,60758.9,62934.8,9799.90901641,610601666.020669592,1
1715644800000,2024-05-14T00:00:00+00:00,62932,63114.6,61120.2,61573,9519.39448017,589261953.491734568,1
1715731200000,2024-05-15T00:00:00+00:00,61573,66490.8,61338,66212.7,13168.01261139,843020309.077452297,1
1715817600000,2024-05-16T00:00:00+00:00,66212.6,66789,64610,65235.9,9079.14426543,597300135.153997883,1
1715904000000,2024-05-17T00:00:00+00:00,65235.9,67459,65100,67017.9,7883.46178472,523457810.456951803,1
1715990400000,2024-05-18T00:00:00+00:00,67018,67389.1,66588.1,66911,3004.81913964,201177461.826497556,1
1716076800000,2024-05-19T00:00:00+00:00,66911.1,67750.7,65839.1,66271.6,4013.49007468,268549419.06633355,1
1716163200000,2024-05-20T00:00:00+00:00,66271.6,71571.6,66060.6,71429.7,13083.61708206,897229921.677656531,1
1716249600000,2024-05-21T00:00:00+00:00,71430.2,71979,69161,70144.7,13481.37279155,954125046.335441009,1
1716336000000,2024-05-22T00:00:00+00:00,70144.7,70665.8,68888,69173.5,7716.08280423,538626812.128911438,1
1716422400000,2024-05-23T00:00:00+00:00,69173.5,70087.6,66256.3,67967.5,11956.89622552,817553111.949274749,1
1716508800000,2024-05-24T00:00:00+00:00,67967.4,69250,66608.8,68559.9,7444.54054893,505362525.059860305,1
1716595200000,2024-05-25T00:00:00+00:00,68560,69639.3,68499.7,69290.4,2595.30072541,179153707.527241025,1
1716681600000,2024-05-26T00:00:00+00:00,69290.5,69556.6,68150.2,68506.3,2920.38741777,201284721.292675019,1
1716768000000,2024-05-27T00:00:00+00:00,68506.3,70688,68256.3,69416.1,5825.16743865,404456779.684408528,1
1716854400000,2024-05-28T00:00:00+00:00,69416.1,69614.4,67264.3,68405.9,7842.2355098,535764373.144144711,1
1716940800000,2024-05-29T00:00:00+00:00,68406,68934.6,67137.5,67647.7,5756.61837647,391227812.033995593,1
1717027200000,2024-05-30T00:00:00+00:00,67647.6,69515,67123.9,68357.9,8033.24955233,548238590.446138785,1
1717113600000,2024-05-31T00:00:00+00:00,68358.5,69049.6,66654.1,67542.5,7256.03603271,492720462.433654807,1
1717200000000,2024-06-01T00:00:00+00:00,67542.6,67890,67441.6,67757.8,2154.40697485,145858143.681910523,1
1717286400000,2024-06-02T00:00:00+00:00,67757.8,68472.3,67267.1,67767.7,2760.06681589,187337796.472971485,1
1717372800000,2024-06-03T00:00:00+00:00,67767.6,70299.4,67613.4,68800.7,8704.69617309,601513371.653219042,1
1717459200000,2024-06-04T00:00:00+00:00,68800.7,71071.9,68560.1,70532.3,8299.72123821,579648123.188645097,1
1717545600000,2024-06-05T00:00:00+00:00,70532.2,71754.7,70376,71112,7996.67451304,568100531.335480005,1
1717632000000,2024-06-06T00:00:00+00:00,71105.5,71651.5,70120,70791.4,4445.15747982,315615233.118415708,1
1717718400000,2024-06-07T00:00:00+00:00,70791.4,71997,68300,69348,10671.69171983,751296845.613938746,1
1717804800000,2024-06-08T00:00:00+00:00,69348,69589.6,69136.4,69311.5,2937.80266094,203907051.312217052,1
1717891200000,2024-06-09T00:00:00+00:00,69311.5,69850,69134,69641.8,1639.79702428,113973840.8089423,1
1717977600000,2024-06-10T00:00:00+00:00,69641.8,70186.2,69156.1,69545,3729.62959389,259652117.223855534,1
1718064000000,2024-06-11T00:00:00+00:00,69545,69583.5,66000,67314.5,13210.28230349,893129544.995065196,1
1718150400000,2024-06-12T00:00:00+00:00,67312.2,70000,66892.4,68269.8,9883.43066682,676434975.490212852,1
1718236800000,2024-06-13T00:00:00+00:00,68267.6,68458,66258,66775.7,7418.04121583,499668439.059672306,1
1718323200000,2024-06-14T00:00:00+00:00,66775.6,67366.3,65068,66045.8,6789.79447547,450397588.665227945,1
1718409600000,2024-06-15T00:00:00+00:00,66045.7,66485.2,65857,66223.4,2202.73779682,145841521.774028219,1
1718496000000,2024-06-16T00:00:00+00:00,66223.5,66985.4,66034.9,66677.9,1840.86627681,122471021.641500335,1
1718582400000,2024-06-17T00:00:00+00:00,66677.9,67301.4,65124.3,66492.1,6659.22650623,440345668.862359063,1
1718668800000,2024-06-18T00:00:00+00:00,66492.1,66592.8,64051.5,65177.1,10035.71814055,652911623.417993028,1
1718755200000,2024-06-19T00:00:00+00:00,65177.1,65727.2,64666.2,64965.8,4179.76744671,272429561.29192696,1
1718841600000,2024-06-20T00:00:00+00:00,64965.9,66493.9,64560,64880.2,5544.20979894,362592459.439546769,1
1718928000000,2024-06-21T00:00:00+00:00,64880.1,65076.8,63383.3,64145.4,7728.47628562,495749302.922417469,1
1719014400000,2024-06-22T00:00:00+00:00,64145.4,64543.9,63933.3,64263,1728.44914076,111164847.00926368,1
1719100800000,2024-06-23T00:00:00+00:00,64263,64524.7,63155.2,63211.9,2937.83736617,187916186.642705295,1
1719187200000,2024-06-24T00:00:00+00:00,63212,63366.7,58378,60290.6,16291.37208488,994038872.86760849,1
1719273600000,2024-06-25T00:00:00+00:00,60290.1,62422.7,60251.2,61806.1,8530.51745326,523726149.300026849,1
1719360000000,2024-06-26T00:00:00+00:00,61804.1,62483.9,60712.6,60866.1,5692.13961419,349745297.907951008,1
1719446400000,2024-06-27T00:00:00+00:00,60866.2,62390,60620.7,61706.6,6076.07685437,373669332.427283484,1
1719532800000,2024-06-28T00:00:00+00:00,61706.5,62233.9,60055.5,60436,7588.62330559,463688243.463428611,1
1719619200000,2024-06-29T00:00:00+00:00,60436.1,61218.2,60398,60986.7,2884.60919135,175656446.650237088,1
1719705600000,2024-06-30T00:00:00+00:00,60986.7,63066.7,60710.1,62774.2,4012.10922836,247777249.848239382,1
1719792000000,2024-07-01T00:00:00+00:00,62774.3,63860.2,62531.4,62906.3,6642.74790148,419806788.986657796,1
1719878400000,2024-07-02T00:00:00+00:00,62906.2,63294,61820,62145,4664.11710635,291222308.160431086,1
1719964800000,2024-07-03T00:00:00+00:00,62145.1,62290,59375.1,60217.7,9194.0810388,556736675.382863355,1
1720051200000,2024-07-04T00:00:00+00:00,60217.6,60493.1,56759.5,57050,14296.01302318,829583518.544068328,1
1720137600000,2024-07-05T00:00:00+00:00,57050,57548.4,53269,56633.5,21888.84947402,1212508637.719572316,1
1720224000000,2024-07-06T00:00:00+00:00,56630.1,58479.8,56025.7,58236.4,4697.74196289,268322132.535126541,1
1720310400000,2024-07-07T00:00:00+00:00,58236.5,58448,55730.7,55862,4948.8558574,283174216.212707001,1
1720396800000,2024-07-08T00:00:00+00:00,55867.9,58214.7,54289.4,56720.5,12898.65976305,724953453.651896867,1
1720483200000,2024-07-09T00:00:00+00:00,56716.1,58303,56291.7,58043.1,8084.28144031,464350306.363932997,1
1720569600000,2024-07-10T00:00:00+00:00,58043.1,59476.3,57159.7,57720.2,8174.20162929,475998414.649091538,1
1720656000000,2024-07-11T00:00:00+00:00,57720.2,59579.9,57029.2,57342.6,8135.66098661,472898761.557890222,1
1720742400000,2024-07-12T00:00:00+00:00,57338.7,58527.6,56537.3,57898.1,7544.72254323,433966549.673653438,1
1720828800000,2024-07-13T00:00:00+00:00,57898.7,59866,57757.2,59209.9,4693.70420161,275313481.889565352,1
1720915200000,2024-07-14T00:00:00+00:00,59203.6,61444.8,59195.1,60784.1,6373.30522466,383612569.027979236,1
1721001600000,2024-07-15T00:00:00+00:00,60784.1,64915.2,60650,64726.7,12204.51092384,769089378.514208017,1
1721088000000,2024-07-16T00:00:00+00:00,64725.7,65400,62369.8,65046.5,11840.29517999,758650481.233266305,1
1721174400000,2024-07-17T00:00:00+00:00,65046.6,66117.5,63849.4,64086,7643.48988664,496881489.736009813,1
1721260800000,2024-07-18T00:00:00+00:00,64086.1,65142.5,63230.9,63991.2,6155.96028299,395506495.351195267,1
1721347200000,2024-07-19T00:00:00+00:00,63991.3,67395.4,63300.1,66659.9,9959.12830775,650570658.396911071,1
1721433600000,2024-07-20T00:00:00+00:00,66660,67619.6,66225.5,67137.7,3689.03556398,246657207.827907022,1
1721520000000,2024-07-21T00:00:00+00:00,67136.1,68372.1,65764.5,68163.9,6000.36799742,403202794.381860988,1
1721606400000,2024-07-22T00:00:00+00:00,68162.7,68482.1,66576,67524.6,6040.58898112,408000210.89169117,1
1721692800000,2024-07-23T00:00:00+00:00,67524.7,67751.7,65420,65938.4,7464.07352192,496405133.309352506,1
1721779200000,2024-07-24T00:00:00+00:00,65938.5,67102,65100,65373.6,6231.41154792,411924000.934840671,1
1721865600000,2024-07-25T00:00:00+00:00,65372.1,66173.2,63450.1,65801.9,10968.43433951,707686105.836802588,1
1721952000000,2024-07-26T00:00:00+00:00,65802,68218,65718,67908.9,8676.64543021,583474829.849950701,1
1722038400000,2024-07-27T00:00:00+00:00,67909,69409.5,66646.6,67897.1,8944.23606185,609970390.861298824,1
1722124800000,2024-07-28T00:00:00+00:00,67898.6,68328.4,67051.1,68239.5,4073.07721256,275632466.46477083,1
1722211200000,2024-07-29T00:00:00+00:00,68239.5,70050,66428,66786.1,13946.76441315,955180203.898190884,1
1722297600000,2024-07-30T00:00:00+00:00,66783.8,67012,65300,66190.1,7915.25726122,524792925.942747368,1
1722384000000,2024-07-31T00:00:00+00:00,66188.1,66849.5,64516.4,64630,7114.11852066,468048551.187894887,1
1722470400000,2024-08-01T00:00:00+00:00,64630,65654,62280,65356,13168.1408859,841048311.942566591,1
1722556800000,2024-08-02T00:00:00+00:00,65356,65598.9,61230,61489.9,14102.63397311,896136436.598734386,1
1722643200000,2024-08-03T00:00:00+00:00,61490,62197.7,59837.5,60710,9507.21725825,580421366.504188452,1
1722729600000,2024-08-04T00:00:00+00:00,60712,61143.6,57123.4,58160.1,9762.24353379,578471818.271361504,1
1722816000000,2024-08-05T00:00:00+00:00,58161.3,58310,48934.8,54018,59326.15663708,3141808479.48111036,1
1722902400000,2024-08-06T00:00:00+00:00,54014,57073.6,53938.3,56022,17067.14775559,951916785.058655343,1
1722988800000,2024-08-07T00:00:00+00:00,56019.3,57736.3,54563.6,55142.7,13605.88730858,767436447.184196777,1
1723075200000,2024-08-08T00:00:00+00:00,55137.6,62750,54727.6,61686.1,16969.35309581,991835507.302577972,1
1723161600000,2024-08-09T00:00:00+00:00,61692,61752.6,59532.7,60838.2,9736.93166057,590416250.540160481,1
1723248000000,2024-08-10T00:00:00+00:00,60837.9,61476,60250,60921.3,3359.32153287,204174665.375213957,1
1723334400000,2024-08-11T00:00:00+00:00,60921.2,61885.7,58300.4,58711.7,6312.85968392,379538174.607287153,1
1723420800000,2024-08-12T00:00:00+00:00,58711.6,60692.8,57592.9,59348,12877.9245052,760473001.877054033,1
1723507200000,2024-08-13T00:00:00+00:00,59348,61575.9,58398.1,60584.6,8315.98034762,498945708.1667123,1
1723593600000,2024-08-14T00:00:00+00:00,60584.6,61839.8,58441.2,58686.9,8191.49403323,491914907.735970711,1
1723680000000,2024-08-15T00:00:00+00:00,58684,59850,56093.7,57544,11005.50754503,641063485.598593875,1
1723766400000,2024-08-16T00:00:00+00:00,57542.1,59821,57094.1,58880.4,9443.13975523,551863009.519985728,1
1723852800000,2024-08-17T00:00:00+00:00,58880.5,59716.8,58804.9,59499.7,2504.13748128,148470788.931609981,1
1723939200000,2024-08-18T00:00:00+00:00,59499.8,60288.4,58400.3,58434.7,4753.24210675,283657019.057108616,1
1724025600000,2024-08-19T00:00:00+00:00,58433.8,59610.7,57800,59443.8,5540.327467,324545271.586544214,1
1724112000000,2024-08-20T00:00:00+00:00,59438.5,61419.6,58541.2,59006.5,10763.08670319,646774230.815250949,1
1724198400000,2024-08-21T00:00:00+00:00,59004.3,61832.3,58781.7,61156,8278.18478471,498260041.402459604,1
1724284800000,2024-08-22T00:00:00+00:00,61156,61401.2,59667.6,60380,6976.04711851,423183872.771369172,1
1724371200000,2024-08-23T00:00:00+00:00,60381.4,65000,60340,64048.1,14561.40431646,911010550.839527445,1
1724457600000,2024-08-24T00:00:00+00:00,64048.2,64508.9,63513.7,64160,4935.32185808,316184462.837472763,1
1724544000000,2024-08-25T00:00:00+00:00,64154.1,65010.2,63780.1,64227.5,4230.08665442,271907421.614734173,1
1724630400000,2024-08-26T00:00:00+00:00,64227.5,64482.8,62800,62818.3,6252.83997207,397860539.316134873,1
1724716800000,2024-08-27T00:00:00+00:00,62830.4,63213.9,58000,59404.8,10934.14610752,669670054.853192846,1
1724803200000,2024-08-28T00:00:00+00:00,59406.9,60235.3,57825.1,59034,10206.8287233,603768378.51101132,1
1724889600000,2024-08-29T00:00:00+00:00,59036.9,61186.4,58700.5,59352.1,7113.41347663,425694059.324306395,1
1724976000000,2024-08-30T00:00:00+00:00,59352,59948.1,57650,59135.6,7850.0795944,462790661.581431177,1
1725062400000,2024-08-31T00:00:00+00:00,59134.1,59461.5,58725.4,58974.5,1916.8816309,113245358.606945745,1
1725148800000,2024-09-01T00:00:00+00:00,58974.2,59083.4,57168.5,57296.1,6351.49422802,368653709.100929156,1
1725235200000,2024-09-02T00:00:00+00:00,57294.9,59433.8,57116.2,59143.2,5849.20707685,340383213.075943895,1
1725321600000,2024-09-03T00:00:00+00:00,59142.2,59817,57401,57484,5406.92140985,316193232.716482766,1
1725408000000,2024-09-04T00:00:00+00:00,57480.1,58522.1,55568,57970,9853.61825922,561650096.438777159,1
1725494400000,2024-09-05T00:00:00+00:00,57970,58329.9,55631,56176,8907.32666931,505712266.925330636,1
1725580800000,2024-09-06T00:00:00+00:00,56176,57054.8,52528.6,53958.8,16150.42706648,884811714.192339779,1
1725667200000,2024-09-07T00:00:00+00:00,53958.8,54853,53734.1,54155.8,5117.43145175,277575299.25134217,1
1725753600000,2024-09-08T00:00:00+00:00,54161.2,55320.1,53626.2,54875.9,4851.23573713,264085147.502108076,1
1725840000000,2024-09-09T00:00:00+00:00,54876,58135,54588.7,57030.8,11844.34717334,662130233.484550868,1
1725926400000,2024-09-10T00:00:00+00:00,57030.9,58045.8,56387.1,57639.7,7798.99127987,445407178.810893706,1
1726012800000,2024-09-11T00:00:00+00:00,57639.8,57988,55555,57338.3,9337.65680797,530180775.032541084,1
1726099200000,2024-09-12T00:00:00+00:00,57335.3,58588.8,57328.2,58132.5,7465.9961818,432911105.599973696,1
1726185600000,2024-09-13T00:00:00+00:00,58132.5,60644.7,57635.4,60500.1,8602.22621068,508590256.394800565,1
1726272000000,2024-09-14T00:00:00+00:00,60500,60612.2,59355.9,59991.8,4154.66637798,249236611.493776284,1
1726358400000,2024-09-15T00:00:00+00:00,59991.9,60407.3,58692.8,59126.2,3712.67379857,221723994.333176011,1
1726444800000,2024-09-16T00:00:00+00:00,59126.3,59209.9,57431.1,58211.9,8081.37822094,470559685.998358323,1
1726531200000,2024-09-17T00:00:00+00:00,58212,61343.1,57615.7,60314.6,10105.65118518,605028483.042356096,1
1726617600000,2024-09-18T00:00:00+00:00,60314.7,61807.8,59179.7,61767.7,11579.49086577,698456250.605850908,1
1726704000000,2024-09-19T00:00:00+00:00,61770.7,63858.1,61558,62956.3,11464.01357997,718751108.932492541,1
1726790400000,2024-09-20T00:00:00+00:00,62956.4,64142.8,62338,63200,9191.69066961,581552262.647818401,1
1726876800000,2024-09-21T00:00:00+00:00,63199.9,63569.1,62750.6,63348,2377.46558258,150071933.428292884,1
1726963200000,2024-09-22T00:00:00+00:00,63348.1,64019,62364.8,63574.2,4560.68892149,287484493.156734675,1
1727049600000,2024-09-23T00:00:00+00:00,63577.5,64750,62560,63336.1,7466.1079218,475014214.480388391,1
1727136000000,2024-09-24T00:00:00+00:00,63334.1,64698,62702.3,64275.8,8356.05420232,531048829.730806831,1
1727222400000,2024-09-25T00:00:00+00:00,64275.8,64822.2,62950,63154.9,6903.90311865,440110857.005753555,1
1727308800000,2024-09-26T00:00:00+00:00,63154.9,65831.9,62671,65163.4,9633.43925152,621170167.397373856,1
1727395200000,2024-09-27T00:00:00+00:00,65163.4,66500,64820,65774.1,8214.83539935,539758319.26275538,1
1727481600000,2024-09-28T00:00:00+00:00,65774,66269.7,65414.6,65853.3,2900.34932926,190740907.354844616,1
1727568000000,2024-09-29T00:00:00+00:00,65853.4,66079.6,65440,65603.5,2577.37071146,169348159.627222889,1
1727654400000,2024-09-30T00:00:00+00:00,65603.6,65623.7,62850,63327.5,10554.96947418,675988917.358598344,1
1727740800000,2024-10-01T00:00:00+00:00,63327.6,64128,60160.1,60814.5,14826.75901923,922884358.840881683,1
1727827200000,2024-10-02T00:00:00+00:00,60814.5,62375.6,60000,60642.1,9461.33615462,578630851.356236089,1
1727913600000,2024-10-03T00:00:00+00:00,60642.1,61479,59800,60753.8,9187.01727061,556794922.46807792,1
1728000000000,2024-10-04T00:00:00+00:00,60752.8,62480.8,60462,62094.1,6931.98162877,426659333.916969217,1
1728086400000,2024-10-05T00:00:00+00:00,62093.4,62382.9,61687,62058.6,2148.39275328,133347655.437068419,1
1728172800000,2024-10-06T00:00:00+00:00,62058.6,62986.9,61820,62825.3,2626.67268207,163940042.551181592,1
1728259200000,2024-10-07T00:00:00+00:00,62825.4,64466.9,62126,62222.1,9697.12969549,615271704.054742595,1
1728345600000,2024-10-08T00:00:00+00:00,62222,63200,61866,62155.9,6074.08964504,379210371.777706498,1
1728432000000,2024-10-09T00:00:00+00:00,62156,62549.2,60302,60637.5,6277.3628263,387293164.168880155,1
1728518400000,2024-10-10T00:00:00+00:00,60637.5,61315.9,58935.6,60322.4,7450.66757733,449402272.959899399,1
1728604800000,2024-10-11T00:00:00+00:00,60322.5,63419.5,60088,62546,8656.15565433,536045206.248188503,1
1728691200000,2024-10-12T00:00:00+00:00,62546.1,63488,62477.4,63209.9,3848.71155181,242532546.160664778,1
1728777600000,2024-10-13T00:00:00+00:00,63209.4,63294.5,62050,62872,3344.26923875,209503907.310201394,1
1728864000000,2024-10-14T00:00:00+00:00,62872.1,66577.1,62453.4,66089.8,14565.17708127,947106683.913162888,1
1728950400000,2024-10-15T00:00:00+00:00,66089.9,67963.6,64781.5,67072.1,14398.81302333,954776900.767855876,1
1729036800000,2024-10-16T00:00:00+00:00,67072.1,68422.6,66755.1,67614.3,9446.98818287,638901863.038806834,1
1729123200000,2024-10-17T00:00:00+00:00,67614.4,67941,66670,67426.5,7300.34861422,490435467.808091993,1
1729209600000,2024-10-18T00:00:00+00:00,67426.5,69000,67188.5,68431.4,8869.24860839,605486585.370983054,1
1729296000000,2024-10-19T00:00:00+00:00,68431.4,68700,68006,68366.2,2137.23198452,145973276.867919257,1
1729382400000,2024-10-20T00:00:00+00:00,68366.3,69425,68100,69035.6,3542.45381774,243251898.754414852,1
1729468800000,2024-10-21T00:00:00+00:00,69035.7,69546,66842.8,67371.7,10624.44778247,721793099.152868383,1
1729555200000,2024-10-22T00:00:00+00:00,67371.8,67838,66555,67421.2,8803.1847121,592285539.970961317,1
1729641600000,2024-10-23T00:00:00+00:00,67421.3,67470.3,65251,66666,7780.15045898,516570990.822897731,1
1729728000000,2024-10-24T00:00:00+00:00,66666.1,68850.3,66514,68198.5,7315.65549724,494435647.315953848,1
1729814400000,2024-10-25T00:00:00+00:00,68198.6,68771.9,65588.7,66710,11321.44881757,762002068.585099025,1
1729900800000,2024-10-26T00:00:00+00:00,66710,67482.7,66442,67095.9,3615.56734073,242060255.531771833,1
1729987200000,2024-10-27T00:00:00+00:00,67095.8,68344,66936.9,68022.9,2708.29107454,183354620.94181037,1
1730073600000,2024-10-28T00:00:00+00:00,68022.2,70332.9,67618,69961.2,9561.25604325,660076627.766022367,1
1730160000000,2024-10-29T00:00:00+00:00,69961.3,73650,69754.6,72746,15666.8654187,1126807047.354578993,1
1730246400000,2024-10-30T00:00:00+00:00,72746,72962,71440,72345.2,8577.58204254,619196743.961392709,1
1730332800000,2024-10-31T00:00:00+00:00,72345.2,72696,69688,70302.2,10766.00966581,766891715.830776864,1
1730419200000,2024-11-01T00:00:00+00:00,70302.3,71629.9,68800.2,69495.5,12143.81069739,849271965.737581437,1
1730505600000,2024-11-02T00:00:00+00:00,69495.6,69914.2,69017.8,69371,2854.89076309,198406278.635348814,1
1730592000000,2024-11-03T00:00:00+00:00,69371,69386,67458,68769.3,7667.96769928,524345006.736927796,1
1730678400000,2024-11-04T00:00:00+00:00,68770,69499,66822.5,67850,8435.89193466,575685899.433048568,1
1730764800000,2024-11-05T00:00:00+00:00,67850.1,70554.9,67471.4,69372.7,10525.56371032,729183714.277650192,1
1730851200000,2024-11-06T00:00:00+00:00,69372.8,76388,69289.9,75584.8,32222.7667945,2381354910.373461252,1
1730937600000,2024-11-07T00:00:00+00:00,75584.9,76848.1,74429,75860.3,10618.62235726,802388877.798287099,1
1731024000000,2024-11-08T00:00:00+00:00,75860.4,77179.1,75583.4,76499.1,9474.47960689,722023082.504958978,1
1731110400000,2024-11-09T00:00:00+00:00,76499.1,76915.8,75714.2,76675,4525.46609222,345767713.56342367,1
1731196800000,2024-11-10T00:00:00+00:00,76675.1,81568,76494.1,80360,16995.24889088,1347097005.791187573,1
1731283200000,2024-11-11T00:00:00+00:00,80358.8,89575,80212.1,88640,22727.95466285,1918950189.627400783,1
1731369600000,2024-11-12T00:00:00+00:00,88640.1,89970.2,85091.8,87944.5,28815.39820741,2528802039.222896624,1
1731456000000,2024-11-13T00:00:00+00:00,87944.6,93263,86126.1,90378.4,22380.13460877,2010592313.857711438,1
1731542400000,2024-11-14T00:00:00+00:00,90378.4,91777.7,86666.6,87330,16089.32124438,1439681819.105073698,1
1731628800000,2024-11-15T00:00:00+00:00,87330,91851.2,87070.9,91022.9,13114.955173,1171305678.925664587,1
1731715200000,2024-11-16T00:00:00+00:00,91022.9,91784.6,90060.1,90583.3,4952.06371731,450689490.615996345,1
1731801600000,2024-11-17T00:00:00+00:00,90583.9,91489.9,88714.2,89860,6749.27556207,609268721.064843049,1
1731888000000,2024-11-18T00:00:00+00:00,89860.8,92644.1,89375,90464,16371.57397047,1492118028.937675537,1
1731974400000,2024-11-19T00:00:00+00:00,90463.9,93888,90348,92307.9,13246.54138368,1220379726.257545458,1
1732060800000,2024-11-20T00:00:00+00:00,92307.9,94818,91479.7,94286.8,11349.30534162,1061977318.970955576,1
1732147200000,2024-11-21T00:00:00+00:00,94287,98960,94000,98317.2,19588.86849577,1900412579.048832568,1
1732233600000,2024-11-22T00:00:00+00:00,98317.2,99588,97152.5,98891.8,12225.69403399,1205909500.579269615,1
1732320000000,2024-11-23T00:00:00+00:00,98891.8,98908,97135.3,97666.5,6478.14356456,636247219.160673453,1
1732406400000,2024-11-24T00:00:00+00:00,97666.5,98569.3,95745.5,97899.9,6748.15376211,656317770.994477853,1
1732492800000,2024-11-25T00:00:00+00:00,97902.5,98876,92601.6,93002,13160.3916657,1264634965.292210825,1
1732579200000,2024-11-26T00:00:00+00:00,93002,94999.9,90800,91960.1,12908.29573158,1199448530.028776533,1
1732665600000,2024-11-27T00:00:00+00:00,91960.1,97203.8,91784,95848.1,10463.84950387,987481039.623341601,1
1732752000000,2024-11-28T00:00:00+00:00,95848.1,96567.7,94610,95636.7,5784.43784214,551797873.63953565,1
1732838400000,2024-11-29T00:00:00+00:00,95636.7,98628,95357.7,97456.1,8212.48966214,796832682.733324717,1
1732924800000,2024-11-30T00:00:00+00:00,97456.1,97460,96080.1,96409,3851.08568575,372352196.591623406,1
1733011200000,2024-12-01T00:00:00+00:00,96409.1,97841.7,95678,97190.2,4973.57705772,481725061.094940424,1
1733097600000,2024-12-02T00:00:00+00:00,97190.2,98174.4,94388.5,95828.1,9654.87051269,927053327.093183498,1
1733184000000,2024-12-03T00:00:00+00:00,95828.2,96302.6,93583.8,95857.3,8952.18751243,853290377.473796389,1
1733270400000,2024-12-04T00:00:00+00:00,95857.4,99000,94580,98580.7,12943.88995409,1256155321.526990497,1
1733356800000,2024-12-05T00:00:00+00:00,98580.6,104056,89711.9,96960,27570.46234834,2745886632.935541132,1
1733443200000,2024-12-06T00:00:00+00:00,96960,101901.8,96243.3,99734,11991.3128089,1185452885.951641375,1
1733529600000,2024-12-07T00:00:00+00:00,99734.1,100439,98846.2,99835.4,3854.00126077,384028565.184471218,1
1733616000000,2024-12-08T00:00:00+00:00,99835.5,101362.7,98663.2,101107.7,4333.69599744,432748568.307976741,1
1733702400000,2024-12-09T00:00:00+00:00,101107.8,101221.7,94000,97267.2,14528.24977398,1420628232.415647223,1
1733788800000,2024-12-10T00:00:00+00:00,97275.7,98300,94244.3,96593.2,12213.85908796,1178690586.047691944,1
1733875200000,2024-12-11T00:00:00+00:00,96593.2,101884,95666.6,101117.4,10670.25572301,1059230775.085445105,1
1733961600000,2024-12-12T00:00:00+00:00,101117.4,102538.9,99307.1,100001.1,9809.11373928,989666442.202317884,1
1734048000000,2024-12-13T00:00:00+00:00,100001.2,101911.4,99200,101418.6,8694.30865628,874457301.768587749,1
1734134400000,2024-12-14T00:00:00+00:00,101418.6,102666,100606.9,101421.3,3822.08261164,388576552.091995282,1
1734220800000,2024-12-15T00:00:00+00:00,101422,105333,101228,104477.4,6357.48275007,655175708.065909714,1
1734307200000,2024-12-16T00:00:00+00:00,104477.5,107796.3,103307.9,106066,11240.92690055,1186742437.796134287,1
1734393600000,2024-12-17T00:00:00+00:00,106066.1,108365,105306.4,106128.4,9079.0088136,970060213.631173066,1
1734480000000,2024-12-18T00:00:00+00:00,106128.4,106500,100000,100213.1,14974.46962576,1547810388.807723562,1
1734566400000,2024-12-19T00:00:00+00:00,100208.2,102805,95682.2,97458.1,22123.68566125,2198783139.743318593,1
1734652800000,2024-12-20T00:00:00+00:00,97458.1,98240,92268,97806.4,21739.47201134,2081788114.829348993,1
1734739200000,2024-12-21T00:00:00+00:00,97809.1,99553.7,96396.1,97283.3,7232.60308299,707843331.385870536,1
1734825600000,2024-12-22T00:00:00+00:00,97289.2,97459.4,94258.1,95173.4,5125.00388279,492084458.510179486,1
1734912000000,2024-12-23T00:00:00+00:00,95173.4,96538.4,92525,94884.1,9936.80743995,938884994.978214157,1
1734998400000,2024-12-24T00:00:00+00:00,94884.1,99480.2,93555.9,98661.3,8954.98899873,864600627.215312138,1
1735084800000,2024-12-25T00:00:00+00:00,98656.1,99599,97626.1,99440.3,5337.23859921,525771542.514839795,1
1735171200000,2024-12-26T00:00:00+00:00,99440.4,99968.9,95179.4,95783.3,7283.05051706,704169381.829885079,1
1735257600000,2024-12-27T00:00:00+00:00,95777.9,97561.4,93500,94304.1,8421.05776752,803686930.666621464,1
1735344000000,2024-12-28T00:00:00+00:00,94303.6,95750,94143,95305.3,2445.53816994,231702061.916405826,1
1735430400000,2024-12-29T00:00:00+00:00,95304.1,95346.6,93000,93737.6,4845.90699467,456374991.388712258,1
1735516800000,2024-12-30T00:00:00+00:00,93737.6,95041.2,91540,92796.4,10170.65337363,948994705.722427595,1
1735603200000,2024-12-31T00:00:00+00:00,92796.4,96258.9,92030.2,93585.1,7921.22471868,745238605.865542515,1
